Time;ET0;Rn;soilT;airT;Hsoil;Vel Viento;HR aire;Pp
01-05-2017;3.38;13.34;293.47;286.05;0.26;2.68;72.86;0.00
02-05-2017;3.47;12.68;295.24;288.06;0.24;2.53;72.83;0.00
03-05-2017;3.06;10.82;292.19;287.10;0.34;2.81;72.54;0.00
04-05-2017;2.76;10.49;292.38;286.23;0.27;2.34;75.59;0.00
05-05-2017;3.38;13.10;293.56;287.27;0.30;2.59;74.94;0.00
06-05-2017;3.69;13.34;294.61;288.70;0.27;2.28;71.57;0.00
07-05-2017;2.07;7.27;293.27;286.12;0.23;2.39;78.48;0.00
08-05-2017;3.53;13.61;292.03;287.28;0.33;2.54;73.64;0.00
09-05-2017;3.33;11.96;293.11;287.47;0.26;2.40;70.70;0.00
10-05-2017;3.87;15.14;293.48;287.10;0.30;2.28;71.39;0.00
11-05-2017;2.76;9.85;294.69;288.25;0.26;2.29;77.17;0.00
12-05-2017;3.10;10.08;293.79;286.81;0.23;2.72;67.03;0.00
13-05-2017;3.81;14.22;293.03;288.37;0.33;2.51;72.57;0.00
14-05-2017;3.49;12.64;292.69;287.55;0.25;2.83;71.15;0.00
15-05-2017;3.57;14.88;293.18;286.14;0.34;2.35;75.31;0.00
16-05-2017;3.36;10.77;294.90;289.14;0.27;2.49;68.80;0.00
17-05-2017;3.77;13.17;293.37;286.56;0.24;2.48;62.37;0.00
18-05-2017;3.43;13.88;292.44;286.95;0.32;3.00;76.65;0.00
19-05-2017;3.26;12.94;292.95;286.52;0.28;2.78;75.47;0.00
20-05-2017;2.49;8.73;293.14;286.77;0.37;2.45;75.57;0.00
21-05-2017;3.97;13.98;295.23;288.77;0.27;2.27;67.49;0.00
22-05-2017;3.94;13.45;293.50;287.40;0.33;2.92;63.62;0.00
23-05-2017;3.33;12.65;293.15;287.58;0.31;2.48;75.02;0.00
24-05-2017;3.12;12.19;292.80;286.64;0.35;2.57;75.72;0.00
25-05-2017;4.72;17.10;293.85;288.23;0.35;2.84;63.61;0.00
26-05-2017;3.34;11.77;294.56;287.97;0.26;2.25;70.63;0.00
27-05-2017;3.52;13.11;294.41;287.66;0.40;2.53;72.41;0.00
28-05-2017;3.99;15.22;293.59;288.29;0.31;2.64;72.83;0.00
29-05-2017;3.44;13.17;293.16;287.60;0.32;2.74;74.82;0.00
30-05-2017;4.38;14.99;293.49;288.83;0.32;2.15;61.44;0.00
31-05-2017;4.12;13.62;294.81;289.07;0.26;2.57;64.03;0.44
01-06-2017;4.11;13.36;294.93;288.83;0.38;2.60;62.42;0.00
02-06-2017;3.45;13.01;293.77;288.09;0.30;2.53;74.93;0.00
03-06-2017;2.73;8.97;293.05;287.54;0.30;2.34;71.64;0.00
04-06-2017;3.77;14.13;294.43;288.31;0.31;2.46;72.79;0.00
05-06-2017;4.06;14.87;295.59;288.69;0.26;2.59;70.49;0.00
06-06-2017;3.82;13.47;294.21;287.63;0.36;2.40;65.87;0.00
07-06-2017;3.10;12.20;293.23;287.09;0.34;2.35;77.30;0.00
08-06-2017;3.15;11.22;293.12;287.64;0.29;2.28;72.09;0.00
09-06-2017;4.30;15.65;294.90;289.02;0.31;2.25;68.49;0.00
10-06-2017;4.07;13.55;296.77;290.36;0.27;2.36;67.93;0.00
11-06-2017;4.04;13.78;294.33;288.46;0.38;2.65;65.23;0.00
12-06-2017;3.63;14.45;293.02;287.49;0.36;2.74;75.67;0.00
13-06-2017;3.65;14.31;293.41;287.69;0.28;2.77;75.18;0.00
14-06-2017;3.84;15.01;294.49;288.02;0.39;2.20;74.51;0.00
15-06-2017;4.13;14.29;296.35;289.70;0.27;2.32;68.28;0.00
16-06-2017;4.05;13.60;294.52;288.82;0.42;2.60;64.89;0.00
17-06-2017;3.42;14.55;292.91;286.74;0.35;2.64;79.62;0.00
18-06-2017;3.63;13.94;293.58;287.90;0.33;2.64;74.53;0.00
19-06-2017;3.99;15.86;294.00;287.90;0.36;2.47;74.57;0.00
20-06-2017;4.07;14.51;296.41;289.67;0.26;2.64;71.57;0.00
21-06-2017;3.73;13.66;294.30;288.08;0.39;2.97;71.69;0.00
22-06-2017;3.61;14.13;293.13;287.30;0.34;2.30;73.85;0.00
23-06-2017;3.63;13.94;293.63;288.20;0.32;2.65;75.29;0.00
24-06-2017;3.40;14.35;293.66;286.65;0.33;2.34;79.26;0.00
25-06-2017;3.65;14.16;295.99;288.41;0.26;2.57;76.49;0.00
26-06-2017;3.85;12.98;295.13;289.25;0.41;2.36;67.24;0.00
27-06-2017;3.41;14.10;292.91;286.61;0.33;2.70;77.25;0.00
28-06-2017;3.74;13.49;294.19;289.10;0.30;2.64;73.12;0.00
29-06-2017;3.74;15.90;293.56;286.83;0.31;2.77;77.57;0.00
30-06-2017;3.11;10.90;295.78;288.98;0.34;2.09;74.27;0.00
01-07-2017;4.33;13.98;295.82;290.32;0.43;2.47;64.09;0.00
02-07-2017;3.01;10.77;292.72;287.30;0.32;2.49;73.18;0.00
03-07-2017;3.39;13.13;294.10;288.12;0.28;2.39;77.20;0.00
04-07-2017;3.85;14.93;293.97;287.85;0.30;2.43;73.38;0.00
05-07-2017;3.18;10.88;294.98;289.23;0.36;1.82;71.65;0.00
06-07-2017;4.10;14.41;295.75;289.61;0.41;2.39;69.63;0.00
07-07-2017;3.96;15.11;293.16;287.68;0.31;2.48;70.73;0.00
08-07-2017;3.90;14.90;294.48;288.80;0.27;2.57;74.91;0.00
09-07-2017;4.34;15.99;294.09;288.47;0.30;2.48;67.87;0.00
10-07-2017;3.69;12.75;295.24;289.47;0.34;2.47;71.32;0.00
11-07-2017;3.81;14.09;295.43;288.95;0.39;2.58;73.79;0.00
12-07-2017;3.72;15.18;292.60;286.81;0.30;2.74;74.74;0.00
13-07-2017;3.81;13.91;295.01;289.46;0.26;2.63;74.26;0.00
14-07-2017;4.32;15.62;294.05;288.58;0.35;2.32;66.48;0.00
15-07-2017;3.61;12.61;295.51;289.16;0.33;2.24;71.08;0.00
16-07-2017;3.89;13.86;295.79;289.49;0.37;2.60;72.06;0.00
17-07-2017;3.82;15.03;292.73;287.40;0.29;2.66;73.47;0.00
18-07-2017;3.80;14.37;295.27;289.36;0.26;2.63;76.35;0.00
19-07-2017;3.44;12.79;294.01;287.96;0.32;2.37;73.54;0.00
20-07-2017;3.11;10.22;294.74;288.64;0.31;2.53;71.46;0.00
21-07-2017;4.64;15.69;296.47;290.46;0.38;2.57;65.85;0.00
22-07-2017;3.59;14.31;292.79;286.83;0.28;2.40;73.97;0.00
23-07-2017;3.71;14.08;294.86;288.74;0.27;2.81;75.74;0.00
24-07-2017;4.14;15.63;294.39;288.40;0.30;2.34;70.92;0.00
25-07-2017;4.13;14.48;297.19;290.43;0.26;2.24;71.09;0.00
26-07-2017;4.36;15.50;296.41;289.74;0.32;2.42;69.08;0.00
27-07-2017;4.88;17.59;294.31;290.43;0.30;2.69;69.32;0.00
28-07-2017;4.82;14.82;294.69;290.72;0.23;2.56;58.05;0.00
29-07-2017;4.14;16.28;295.99;289.07;0.22;2.58;76.42;0.00
30-07-2017;3.51;11.83;296.46;290.25;0.26;2.28;72.45;0.00
31-07-2017;4.24;15.02;297.01;290.27;0.31;2.50;71.44;0.00
01-08-2017;4.36;15.76;294.49;289.81;0.31;2.80;71.18;0.00
02-08-2017;4.39;15.47;295.72;290.32;0.22;2.46;69.93;0.00
03-08-2017;3.79;13.50;295.89;290.14;0.29;1.92;73.18;0.00
04-08-2017;3.77;13.49;296.44;289.80;0.26;2.64;74.25;0.00
05-08-2017;4.38;15.79;296.89;290.23;0.30;2.31;71.29;0.00
06-08-2017;3.40;12.92;293.46;288.26;0.36;2.11;76.08;0.00
07-08-2017;4.06;14.22;295.47;290.13;0.22;2.24;70.71;0.00
08-08-2017;3.73;12.87;295.11;290.51;0.38;2.51;73.70;0.00
09-08-2017;4.14;14.43;297.05;290.17;0.26;2.35;70.12;0.00
10-08-2017;4.56;15.83;297.30;291.07;0.29;2.89;70.90;0.00
11-08-2017;3.53;12.40;293.13;289.05;0.35;2.51;72.40;0.00
12-08-2017;4.25;15.24;295.52;290.41;0.21;2.16;71.96;0.00
13-08-2017;4.59;17.28;294.75;289.86;0.36;2.22;72.54;0.00
14-08-2017;4.33;16.54;297.20;289.30;0.26;2.57;73.87;0.00
15-08-2017;4.36;14.76;297.38;291.01;0.29;2.34;68.81;0.00
16-08-2017;3.65;13.45;292.99;288.78;0.34;1.88;72.70;0.00
17-08-2017;4.32;15.83;295.34;289.79;0.21;2.67;72.23;0.00
18-08-2017;4.56;17.27;295.03;290.23;0.33;2.41;74.56;0.00
19-08-2017;4.36;15.76;296.24;288.70;0.30;2.35;66.58;0.00
20-08-2017;4.42;14.62;297.49;291.05;0.28;2.49;67.28;0.00
21-08-2017;4.44;17.13;292.93;288.95;0.32;2.48;72.85;0.00
22-08-2017;4.10;14.12;295.81;290.50;0.21;2.22;70.19;0.00
23-08-2017;4.64;16.33;295.53;291.21;0.32;2.30;70.68;0.00
24-08-2017;4.24;15.66;294.62;288.64;0.36;2.44;69.24;0.00
25-08-2017;4.66;16.29;297.43;290.08;0.27;2.37;66.50;0.00
26-08-2017;3.67;14.34;292.79;288.09;0.33;2.51;75.91;0.00
27-08-2017;3.75;13.00;295.57;290.12;0.21;2.15;71.89;0.00
28-08-2017;4.90;17.56;295.49;291.29;0.29;2.35;71.15;0.00
29-08-2017;4.08;15.07;294.45;288.59;0.32;2.20;69.90;0.00
30-08-2017;4.91;16.06;297.58;290.92;0.27;2.28;61.31;0.00
31-08-2017;4.34;17.30;292.76;288.65;0.36;2.54;75.08;0.00
01-09-2017;4.13;14.21;295.88;290.68;0.20;2.17;70.35;0.00
02-09-2017;4.50;15.06;296.05;291.79;0.28;2.29;69.27;0.00
03-09-2017;3.92;14.62;294.75;288.78;0.29;2.00;72.11;0.00
04-09-2017;5.03;16.69;297.87;291.07;0.26;2.40;62.73;0.00
05-09-2017;4.55;17.57;293.08;289.30;0.35;2.22;73.44;0.00
06-09-2017;4.46;15.65;296.03;290.95;0.20;2.31;70.79;0.00
07-09-2017;5.47;17.75;296.48;292.52;0.30;2.48;63.00;0.00
08-09-2017;3.66;12.90;295.23;289.53;0.27;2.10;71.91;0.00
09-09-2017;5.03;16.69;297.88;290.70;0.26;2.38;61.38;0.00
10-09-2017;4.44;17.46;293.35;288.91;0.33;2.53;74.21;0.00
11-09-2017;4.06;14.37;295.93;290.81;0.21;2.18;73.36;0.00
12-09-2017;4.53;15.44;295.76;290.41;0.35;2.21;65.71;0.00
13-09-2017;4.66;15.95;296.21;290.65;0.26;2.24;66.05;0.00
14-09-2017;4.67;16.05;297.27;290.36;0.25;2.61;66.56;0.00
15-09-2017;3.49;13.44;292.98;288.59;0.33;2.77;77.50;0.00
16-09-2017;4.60;16.90;295.88;290.63;0.21;2.68;73.15;0.00
17-09-2017;4.03;13.85;295.28;290.45;0.32;2.01;69.55;0.00
18-09-2017;4.48;15.16;296.19;290.93;0.25;2.38;67.97;0.00
19-09-2017;3.43;11.08;296.55;290.08;0.25;2.08;69.07;0.00
20-09-2017;4.62;18.13;292.87;288.93;0.38;2.56;73.14;0.00
21-09-2017;4.43;16.70;295.87;290.09;0.20;2.52;74.71;0.00
22-09-2017;4.95;16.78;295.80;291.62;0.30;2.55;67.33;0.00
23-09-2017;4.67;17.50;296.12;289.63;0.25;2.11;70.78;0.00
24-09-2017;4.60;16.25;296.57;289.90;0.25;2.36;67.16;0.00
25-09-2017;3.95;14.34;293.18;289.36;0.37;2.18;71.96;0.00
26-09-2017;4.02;14.65;295.76;290.08;0.20;2.64;74.44;0.00
27-09-2017;4.97;18.05;295.29;290.34;0.28;2.52;68.87;0.00
28-09-2017;5.05;17.04;296.26;290.96;0.26;2.20;62.77;0.00
29-09-2017;4.57;16.48;297.01;290.49;0.25;2.52;71.45;0.00
30-09-2017;4.52;16.22;293.42;290.14;0.36;2.36;69.85;0.00
01-10-2017;3.89;13.77;295.56;290.17;0.20;2.17;72.65;0.00
02-10-2017;5.25;17.84;295.31;291.00;0.27;2.66;63.82;0.00
03-10-2017;4.81;17.03;296.30;290.40;0.27;2.54;68.00;0.00
04-10-2017;4.49;16.54;297.16;290.28;0.25;2.72;73.09;0.00
05-10-2017;4.93;17.18;293.57;290.46;0.35;2.38;65.65;0.00
06-10-2017;3.75;12.93;295.45;290.22;0.20;2.79;73.38;0.00
07-10-2017;4.87;18.42;295.70;289.80;0.26;2.85;71.35;0.00
08-10-2017;4.81;17.48;296.78;290.29;0.27;2.23;69.37;0.00
09-10-2017;4.37;15.43;297.84;291.06;0.25;2.43;72.62;0.00
10-10-2017;4.99;17.92;294.10;290.34;0.34;2.59;67.83;0.00
11-10-2017;4.05;13.96;295.28;290.18;0.22;2.43;70.27;0.00
12-10-2017;4.61;15.65;295.97;290.48;0.25;2.83;67.08;0.00
13-10-2017;3.99;13.95;296.10;290.15;0.27;2.19;70.93;0.00
14-10-2017;4.50;15.47;298.01;291.32;0.25;2.26;69.90;0.00
15-10-2017;3.90;14.01;293.70;289.27;0.32;2.49;71.77;0.00
16-10-2017;4.17;14.91;295.22;289.97;0.22;2.25;71.28;0.00
17-10-2017;4.74;18.56;295.36;289.26;0.27;2.51;73.43;0.00
18-10-2017;4.72;17.18;296.91;290.52;0.27;2.35;71.20;0.00
19-10-2017;4.77;16.70;298.32;291.43;0.25;2.41;70.37;0.00
20-10-2017;4.76;16.17;294.34;290.49;0.32;2.55;65.36;0.00
21-10-2017;4.26;15.49;294.98;289.74;0.22;2.22;71.01;0.00
22-10-2017;4.14;15.08;295.55;290.12;0.31;2.02;72.98;0.00
23-10-2017;5.11;17.20;295.63;293.01;0.33;2.35;69.57;0.00
24-10-2017;5.12;17.38;299.77;293.48;0.29;2.68;72.34;0.00
25-10-2017;4.14;13.51;296.65;292.61;0.27;2.32;72.01;0.00
26-10-2017;4.96;16.74;297.61;292.36;0.24;2.33;68.82;0.00
27-10-2017;5.12;18.87;295.32;291.76;0.29;2.24;74.11;0.00
28-10-2017;5.46;17.45;300.07;294.62;0.28;2.25;67.30;0.00
29-10-2017;4.77;16.15;296.65;292.41;0.26;2.17;69.93;0.00
30-10-2017;4.73;17.29;297.02;291.12;0.25;2.64;73.62;0.00
31-10-2017;5.26;18.79;295.78;292.41;0.26;2.23;72.51;0.00
01-11-2017;5.48;17.28;300.03;294.28;0.28;2.57;66.27;0.00
02-11-2017;4.91;17.11;296.85;291.99;0.26;2.44;70.99;0.00
03-11-2017;4.37;15.02;297.12;291.59;0.25;2.71;72.44;0.00
04-11-2017;5.06;16.84;296.94;293.49;0.24;2.29;70.33;0.00
05-11-2017;5.16;17.20;299.62;293.73;0.29;2.53;70.99;0.00
06-11-2017;4.67;16.25;296.69;291.93;0.26;2.26;71.70;0.00
07-11-2017;5.04;17.33;297.57;292.21;0.25;2.46;69.77;0.00
08-11-2017;4.72;16.17;297.16;293.00;0.23;2.37;73.47;0.00
09-11-2017;5.49;17.15;300.03;295.06;0.29;2.54;67.46;0.00
10-11-2017;4.91;16.70;296.90;292.36;0.26;2.31;69.53;0.00
11-11-2017;4.09;14.45;296.87;290.76;0.27;2.33;73.27;0.00
12-11-2017;5.60;19.07;297.52;293.51;0.22;2.16;69.25;0.00
13-11-2017;5.40;17.15;300.03;294.99;0.29;2.33;68.64;0.00
14-11-2017;4.43;15.11;296.63;292.00;0.26;2.65;72.54;0.00
15-11-2017;4.92;16.12;297.16;292.35;0.28;2.29;66.20;0.00
16-11-2017;5.55;17.89;297.66;294.12;0.31;2.10;65.44;0.00
17-11-2017;4.94;15.57;300.06;294.72;0.29;2.45;70.28;0.00
18-11-2017;4.83;16.08;296.71;292.21;0.25;2.55;68.58;0.00
19-11-2017;4.17;15.30;296.90;290.75;0.27;2.49;75.86;0.00
20-11-2017;5.41;18.32;295.59;293.26;0.39;2.24;68.88;0.00
21-11-2017;5.72;17.59;300.17;295.76;0.30;2.50;66.72;0.00
22-11-2017;4.50;14.84;296.59;291.76;0.25;2.14;67.15;0.00
23-11-2017;3.70;12.95;296.45;290.88;0.27;2.17;75.05;0.00
24-11-2017;5.16;17.03;295.98;293.64;0.33;2.00;68.22;0.00
25-11-2017;3.44;8.35;299.11;296.19;0.31;1.99;65.77;0.00
26-11-2017;4.76;16.70;296.43;291.40;0.25;2.52;70.72;0.00
27-11-2017;4.99;17.60;297.14;292.03;0.27;2.36;71.42;0.00
28-11-2017;4.97;18.68;295.76;289.84;0.22;2.50;70.25;0.00
29-11-2017;4.57;15.63;299.40;292.34;0.22;2.38;72.19;0.00
30-11-2017;4.73;18.29;294.54;290.12;0.28;2.32;75.52;0.00
01-12-2017;5.03;16.94;295.12;290.71;0.22;2.51;63.20;0.00
02-12-2017;4.47;17.11;295.88;289.81;0.21;2.16;74.76;0.00
03-12-2017;4.40;14.11;299.28;293.04;0.22;2.34;70.15;0.00
04-12-2017;4.17;14.50;295.05;291.20;0.28;1.93;71.76;0.00
05-12-2017;4.51;16.70;295.31;289.61;0.22;2.41;70.91;0.00
06-12-2017;4.74;16.58;296.37;291.25;0.21;2.39;69.89;0.00
07-12-2017;5.36;17.71;299.47;293.14;0.31;2.39;66.94;0.00
08-12-2017;4.38;14.69;295.44;291.67;0.31;2.07;68.85;0.00
09-12-2017;4.44;16.68;295.30;289.74;0.22;2.46;73.08;0.00
10-12-2017;4.41;15.86;296.39;290.45;0.21;2.50;71.87;0.00
11-12-2017;3.67;12.11;297.61;291.55;0.39;2.21;73.13;0.00
12-12-2017;4.55;15.94;295.38;291.44;0.34;1.91;70.74;0.00
13-12-2017;4.50;15.71;295.90;290.87;0.22;2.37;69.98;0.00
14-12-2017;4.77;18.75;296.05;289.45;0.20;2.48;74.27;0.00
15-12-2017;4.39;15.02;297.67;292.10;0.38;2.27;72.45;0.00
16-12-2017;5.69;18.72;295.92;293.23;0.34;2.44;65.06;0.00
17-12-2017;4.92;17.09;296.30;291.54;0.22;2.74;69.71;0.00
18-12-2017;4.47;16.12;296.41;290.56;0.20;2.06;71.34;0.00
19-12-2017;3.75;12.69;296.93;291.90;0.37;2.26;75.25;0.00
20-12-2017;5.20;17.86;295.89;292.30;0.32;2.60;69.32;0.00
21-12-2017;4.20;15.26;296.14;290.31;0.22;2.22;73.35;0.00
22-12-2017;4.22;15.12;296.13;290.31;0.20;2.18;71.87;0.00
23-12-2017;4.70;15.76;298.07;292.84;0.37;2.53;71.73;0.00
24-12-2017;4.66;16.13;296.06;291.87;0.31;2.07;70.65;0.00
25-12-2017;4.02;14.55;295.98;290.01;0.22;2.32;73.50;0.00
26-12-2017;5.28;19.50;297.18;290.70;0.20;2.30;69.66;0.00
27-12-2017;4.93;17.05;298.47;292.48;0.37;2.38;71.45;0.00
28-12-2017;4.81;16.22;296.17;292.19;0.29;2.00;67.92;0.00
29-12-2017;4.14;14.87;295.84;290.05;0.22;2.61;72.62;0.00
30-12-2017;4.63;17.20;296.48;290.08;0.20;2.07;71.70;0.00
31-12-2017;4.67;15.46;298.44;292.64;0.35;2.36;69.75;0.00
01-01-2018;4.99;18.23;295.91;290.99;0.28;2.31;71.41;0.00
02-01-2018;4.09;13.96;295.61;290.72;0.23;2.17;70.08;0.00
03-01-2018;4.14;13.31;295.83;293.12;0.30;1.89;70.43;0.00
04-01-2018;6.05;18.27;299.77;296.51;0.35;2.30;64.39;0.00
05-01-2018;4.78;16.08;296.98;292.31;0.25;2.18;69.03;0.00
06-01-2018;5.05;17.07;297.75;292.82;0.27;2.80;70.79;0.00
07-01-2018;4.98;18.79;296.50;290.32;0.20;2.60;72.24;0.00
08-01-2018;5.07;17.21;298.48;292.58;0.34;2.39;69.28;0.00
09-01-2018;4.52;16.44;295.78;290.71;0.27;2.11;72.47;0.00
10-01-2018;4.56;17.23;295.43;290.04;0.24;2.53;73.81;0.00
11-01-2018;5.01;18.68;297.33;291.20;0.20;2.39;73.94;0.00
12-01-2018;4.51;15.76;298.37;291.56;0.33;2.47;72.32;0.00
13-01-2018;4.81;17.28;296.34;291.37;0.27;2.35;72.11;0.00
14-01-2018;4.65;16.99;296.00;290.76;0.24;2.38;72.54;0.00
15-01-2018;5.20;19.15;297.57;291.32;0.20;2.34;72.28;0.00
16-01-2018;4.34;14.17;298.27;292.01;0.32;2.06;68.08;0.00
17-01-2018;4.26;15.46;295.89;290.69;0.26;2.28;74.23;0.00
18-01-2018;4.58;16.16;296.31;291.03;0.24;2.53;71.07;0.00
19-01-2018;4.98;18.99;297.56;290.79;0.20;2.43;75.04;0.00
20-01-2018;5.05;17.15;298.06;291.26;0.32;2.49;65.60;0.00
21-01-2018;4.23;14.83;296.02;291.19;0.25;2.38;73.17;0.00
22-01-2018;4.47;16.03;296.29;290.87;0.23;2.32;72.35;0.00
23-01-2018;4.87;18.27;297.36;290.61;0.20;2.21;73.30;0.00
24-01-2018;4.89;17.08;297.55;290.89;0.35;2.83;68.60;0.00
25-01-2018;4.79;16.26;296.33;292.06;0.33;2.13;68.85;0.00
26-01-2018;4.74;16.53;296.74;291.46;0.23;2.84;70.96;0.00
27-01-2018;4.85;17.93;297.04;290.75;0.19;2.41;72.65;0.00
28-01-2018;4.91;16.45;297.97;291.91;0.35;2.18;66.34;0.00
29-01-2018;4.61;15.49;296.16;292.53;0.37;1.97;69.95;0.00
30-01-2018;4.68;16.55;297.05;291.49;0.23;2.59;72.19;0.00
31-01-2018;5.10;17.47;297.66;292.30;0.20;2.37;69.23;0.00
01-02-2018;5.09;17.05;298.49;292.35;0.34;2.26;66.86;0.00
02-02-2018;5.00;17.64;296.21;292.05;0.35;2.44;71.68;0.00
03-02-2018;4.92;16.98;297.19;291.62;0.24;2.69;69.36;0.00
04-02-2018;5.08;18.92;297.30;291.24;0.20;2.34;73.57;0.00
05-02-2018;5.05;16.57;298.76;292.51;0.33;2.46;66.47;0.00
06-02-2018;5.31;18.21;296.49;292.64;0.33;2.25;68.78;0.00
07-02-2018;4.82;16.93;297.00;291.33;0.26;2.53;70.22;0.00
08-02-2018;4.94;17.93;297.54;291.65;0.20;2.14;73.02;0.00
09-02-2018;4.85;16.12;298.78;292.39;0.32;2.25;67.90;0.00
10-02-2018;3.91;13.42;295.75;291.54;0.32;2.02;73.61;0.00
11-02-2018;4.71;16.79;297.01;291.15;0.27;2.48;71.55;0.00
12-02-2018;4.28;14.76;297.38;291.61;0.19;2.53;73.02;0.00
13-02-2018;4.99;16.99;298.95;292.48;0.32;2.39;69.92;0.00
14-02-2018;5.39;17.98;296.42;293.06;0.31;2.10;66.45;0.00
15-02-2018;4.96;17.18;296.91;291.46;0.26;2.62;68.79;0.00
16-02-2018;5.46;17.59;296.67;294.15;0.27;2.31;66.96;0.00
17-02-2018;5.40;17.31;300.13;295.38;0.36;2.64;71.29;0.00
18-02-2018;4.49;16.12;296.76;291.43;0.25;2.49;74.13;0.00
19-02-2018;5.10;16.71;297.90;293.30;0.26;2.18;67.66;0.00
20-02-2018;3.29;10.38;295.64;292.41;0.24;1.77;73.01;0.00
21-02-2018;5.55;17.72;300.16;295.69;0.36;2.72;71.21;0.00
22-02-2018;4.80;16.32;297.19;292.54;0.26;2.32;70.81;0.00
23-02-2018;4.80;16.31;298.02;292.65;0.26;2.33;71.29;0.00
24-02-2018;5.66;18.60;297.08;294.18;0.23;2.12;67.08;0.00
25-02-2018;5.65;16.96;300.56;296.81;0.36;2.40;67.39;0.00
26-02-2018;4.36;14.78;297.06;292.17;0.26;2.20;71.88;0.00
27-02-2018;4.72;16.99;297.68;291.89;0.25;2.64;74.62;0.00
28-02-2018;5.67;18.03;297.91;294.52;0.22;2.22;65.17;0.00
01-03-2018;5.80;17.23;301.17;297.57;0.35;2.22;66.77;0.00
02-03-2018;4.24;15.45;296.63;290.93;0.26;2.34;75.34;0.00
03-03-2018;5.01;16.76;297.82;292.98;0.25;2.53;69.96;0.00
04-03-2018;5.36;18.04;298.35;293.99;0.21;2.29;71.15;0.00
05-03-2018;5.12;15.53;301.14;296.78;0.34;2.26;70.71;0.00
06-03-2018;4.45;15.76;296.65;291.48;0.26;2.31;73.21;0.00
07-03-2018;5.08;16.66;297.87;293.02;0.25;2.44;67.93;0.00
08-03-2018;4.11;13.28;297.15;293.47;0.32;2.19;73.15;0.00
09-03-2018;2.08;5.42;298.60;294.21;0.33;1.91;78.47;0.00
10-03-2018;4.64;15.42;296.96;292.26;0.26;2.52;69.62;0.00
11-03-2018;5.39;16.79;298.32;294.74;0.25;1.84;63.35;0.00
12-03-2018;5.10;17.74;296.56;293.31;0.35;2.48;73.76;0.00
13-03-2018;2.08;5.81;297.51;293.94;0.32;1.89;80.52;0.00
14-03-2018;3.97;14.26;296.68;291.00;0.25;2.66;76.21;0.00
15-03-2018;5.50;16.72;298.77;294.61;0.25;2.28;62.54;0.00
16-03-2018;4.94;15.82;297.03;294.31;0.30;2.25;69.75;0.00
17-03-2018;4.48;14.61;298.53;295.04;0.34;2.12;75.54;0.00
18-03-2018;4.29;15.95;296.20;290.25;0.25;2.33;74.69;0.00
19-03-2018;5.16;16.03;298.76;294.11;0.24;2.55;66.61;0.00
20-03-2018;4.88;16.11;296.96;293.60;0.27;2.09;70.30;0.00
21-03-2018;2.96;8.23;297.93;294.78;0.35;2.16;75.28;0.00
22-03-2018;4.23;13.61;296.84;292.54;0.25;2.20;69.69;0.00
23-03-2018;5.05;16.74;299.03;294.25;0.24;2.52;72.59;0.00
24-03-2018;4.71;16.53;297.78;292.64;0.21;2.14;74.30;0.00
25-03-2018;4.85;15.80;297.49;292.89;0.34;2.48;68.55;0.00
26-03-2018;4.61;15.63;297.14;292.67;0.31;2.37;72.28;0.00
27-03-2018;4.37;15.63;297.23;290.40;0.26;2.49;71.57;0.00
28-03-2018;4.70;16.05;297.79;292.98;0.27;2.09;72.72;0.00
29-03-2018;3.20;8.56;296.91;291.70;0.43;2.03;64.12;0.00
30-03-2018;4.58;15.80;296.99;292.14;0.31;2.24;72.13;0.00
31-03-2018;4.32;14.25;297.47;291.83;0.27;2.14;68.75;0.00
01-04-2018;4.29;14.92;297.15;292.25;0.30;2.53;75.38;0.00
02-04-2018;5.03;15.70;296.94;292.68;0.50;2.37;62.70;0.00
03-04-2018;4.52;15.76;297.18;292.36;0.31;2.38;74.24;0.00
04-04-2018;4.38;14.08;297.39;292.29;0.28;1.83;65.74;0.00
05-04-2018;3.88;12.98;296.49;292.12;0.27;1.90;72.98;0.00
06-04-2018;1.19;0.00;297.85;291.94;0.46;2.66;71.36;0.00
07-04-2018;3.33;11.00;296.58;291.87;0.30;2.12;76.04;0.00
08-04-2018;4.45;15.30;297.12;291.71;0.28;2.21;71.29;0.00
09-04-2018;5.03;16.69;297.07;293.33;0.24;2.01;68.65;0.00
10-04-2018;4.83;15.67;296.95;293.36;0.44;2.23;68.77;0.00
11-04-2018;2.47;7.09;295.94;292.01;0.31;2.05;75.89;0.00
12-04-2018;4.14;13.67;297.54;292.55;0.28;2.00;71.60;0.00
13-04-2018;4.74;16.55;296.77;292.29;0.22;2.21;72.69;0.00
14-04-2018;4.71;15.45;297.03;293.41;0.42;2.51;71.57;0.00
15-04-2018;5.03;16.31;296.53;293.78;0.34;1.96;67.62;0.00
16-04-2018;4.06;14.07;297.39;292.00;0.28;1.82;74.24;0.00
17-04-2018;4.23;14.71;296.96;292.18;0.21;2.18;74.78;0.00
18-04-2018;4.95;16.20;297.51;294.00;0.41;2.36;71.19;0.00
19-04-2018;4.70;15.39;296.88;293.51;0.33;2.04;70.28;0.00
20-04-2018;4.55;15.09;297.32;292.68;0.27;1.98;69.60;0.00
21-04-2018;4.87;15.35;297.68;293.81;0.21;2.27;67.65;0.00
22-04-2018;4.97;15.86;297.88;294.22;0.39;2.27;69.16;0.00
23-04-2018;4.63;15.54;296.79;292.73;0.33;2.44;71.71;0.00
24-04-2018;4.75;15.41;297.41;292.90;0.27;2.19;67.82;0.00
25-04-2018;4.52;14.30;297.39;293.69;0.20;1.97;68.47;0.00
26-04-2018;4.59;14.47;297.87;294.34;0.40;2.00;69.54;0.00
27-04-2018;4.17;14.24;297.09;292.66;0.33;2.22;75.12;0.00
28-04-2018;4.39;15.09;297.40;292.73;0.27;2.14;74.32;0.00
29-04-2018;5.37;16.52;298.34;295.39;0.20;2.10;65.76;0.00
30-04-2018;4.91;14.81;298.20;295.76;0.43;2.04;67.76;0.00
01-05-2018;3.97;13.26;296.94;292.37;0.33;2.16;73.68;0.00
02-05-2018;4.79;15.90;298.15;293.54;0.28;2.33;71.73;0.00
03-05-2018;5.07;16.22;298.26;294.46;0.27;2.07;68.60;0.00
04-05-2018;5.27;15.31;298.25;296.30;0.42;2.19;64.54;0.00
05-05-2018;3.94;12.46;297.02;292.77;0.33;2.32;71.77;0.00
06-05-2018;4.23;13.34;297.94;293.21;0.30;2.51;71.31;0.00
07-05-2018;4.69;15.94;297.77;293.86;0.30;2.45;75.29;0.00
08-05-2018;5.25;15.44;298.33;296.27;0.40;2.07;64.90;0.00
09-05-2018;4.03;13.89;296.84;291.80;0.32;2.21;74.39;0.00
10-05-2018;3.82;12.08;297.39;292.92;0.30;1.93;71.03;0.00
11-05-2018;4.85;16.54;297.55;293.59;0.26;2.31;73.93;0.00
12-05-2018;5.05;14.52;298.22;296.32;0.38;1.95;63.49;0.00
13-05-2018;2.93;9.17;296.12;291.09;0.31;2.17;74.63;0.00
14-05-2018;3.76;12.44;297.13;292.32;0.30;2.00;73.74;0.00
15-05-2018;4.61;15.75;297.17;293.23;0.24;2.25;74.30;0.00
16-05-2018;5.27;14.83;298.36;296.37;0.37;2.20;62.14;0.00
17-05-2018;3.73;11.97;296.00;291.18;0.33;2.39;70.58;0.00
18-05-2018;4.29;14.54;296.80;291.92;0.30;2.13;71.56;0.00
19-05-2018;4.34;15.27;296.67;292.38;0.22;2.31;76.02;0.00
20-05-2018;5.01;14.83;298.39;295.95;0.38;2.15;66.79;0.00
21-05-2018;3.98;14.56;295.42;290.00;0.36;2.01;74.00;0.00
22-05-2018;3.73;13.45;296.46;290.78;0.30;2.32;77.18;0.00
23-05-2018;3.63;12.48;296.45;292.18;0.21;1.94;77.26;0.00
24-05-2018;4.74;15.28;298.06;294.44;0.37;2.53;72.74;0.00
25-05-2018;3.70;13.34;295.70;290.70;0.35;2.12;76.69;0.00
26-05-2018;3.52;12.30;296.36;291.38;0.30;2.02;77.22;0.00
27-05-2018;4.26;14.87;296.62;292.28;0.21;2.14;75.20;0.00
28-05-2018;3.17;10.61;294.19;291.79;0.22;1.86;76.94;0.00
29-05-2018;3.05;10.17;294.81;290.28;0.32;1.66;72.90;0.00
30-05-2018;3.66;12.81;294.67;290.30;0.35;2.05;73.41;0.00
31-05-2018;3.89;12.61;295.51;291.92;0.28;2.01;70.40;0.00
01-06-2018;4.01;13.54;294.86;292.75;0.26;2.19;75.30;0.00
02-06-2018;3.60;12.59;294.59;289.83;0.31;2.13;72.77;0.00
03-06-2018;3.73;12.66;294.39;290.35;0.34;2.40;72.09;0.00
04-06-2018;3.40;11.10;295.38;291.30;0.28;1.86;72.23;0.00
05-06-2018;2.10;6.02;294.17;291.78;0.30;1.69;76.80;0.00
06-06-2018;3.75;13.04;295.03;290.97;0.31;2.04;74.27;0.00
07-06-2018;2.82;10.24;294.51;289.79;0.34;2.17;81.02;0.00
08-06-2018;2.87;10.23;294.86;289.93;0.28;1.77;79.06;0.00
09-06-2018;2.09;6.55;293.59;291.85;0.28;1.19;77.86;0.00
10-06-2018;3.82;12.90;296.14;292.29;0.32;2.16;75.29;0.00
11-06-2018;3.14;11.92;294.43;289.30;0.38;2.23;80.63;0.00
12-06-2018;3.40;11.81;294.98;290.53;0.28;2.15;75.82;0.00
13-06-2018;2.46;8.58;292.77;290.47;0.26;1.46;80.59;0.00
14-06-2018;3.27;11.64;295.98;291.19;0.31;2.19;79.94;0.00
15-06-2018;3.42;12.35;293.72;289.28;0.37;2.33;75.42;0.00
16-06-2018;3.43;13.00;294.50;289.30;0.28;2.55;78.77;0.00
17-06-2018;3.18;10.75;293.30;291.63;0.25;1.79;77.00;0.00
18-06-2018;1.55;3.88;294.90;290.84;0.30;1.67;77.38;0.00
19-06-2018;3.15;12.48;293.54;288.17;0.36;2.22;80.61;0.00
20-06-2018;3.94;13.48;294.36;290.88;0.28;2.11;71.59;0.00
21-06-2018;2.95;9.59;293.08;291.42;0.23;1.59;74.44;0.00
22-06-2018;3.53;12.79;294.80;290.49;0.31;1.80;77.39;0.00
23-06-2018;2.82;10.97;292.99;287.52;0.36;2.05;79.62;0.00
24-06-2018;3.09;11.34;294.42;289.69;0.28;2.18;79.35;0.00
25-06-2018;3.04;11.11;292.63;290.00;0.23;1.72;79.63;0.00
26-06-2018;3.27;10.59;295.89;291.90;0.30;1.87;74.13;0.00
27-06-2018;2.83;11.53;292.49;286.79;0.35;2.13;80.91;0.00
28-06-2018;3.07;10.91;294.27;289.67;0.28;1.99;77.13;0.00
29-06-2018;2.66;9.79;292.19;289.29;0.22;1.89;81.37;0.00
30-06-2018;3.77;12.80;296.04;291.85;0.29;2.05;74.58;0.00
01-07-2018;2.94;10.40;292.78;288.48;0.34;2.15;75.10;0.00
02-07-2018;2.94;10.90;294.04;289.12;0.28;1.96;79.52;0.00
03-07-2018;1.82;5.68;292.06;289.49;0.22;1.48;78.55;0.00
04-07-2018;2.95;9.08;295.94;291.80;0.28;1.81;72.91;0.00
05-07-2018;3.23;12.01;292.62;288.77;0.34;1.96;76.56;0.00
06-07-2018;2.81;10.16;293.62;288.84;0.28;1.82;77.67;0.00
07-07-2018;3.45;11.90;291.95;290.52;0.22;1.41;71.60;0.00
08-07-2018;3.78;12.41;296.01;291.88;0.27;1.86;71.15;0.00
09-07-2018;3.10;10.22;293.01;290.18;0.33;2.31;74.46;0.00
10-07-2018;2.84;10.09;293.60;289.44;0.28;1.66;77.39;0.00
11-07-2018;3.62;12.52;292.15;290.48;0.22;1.92;72.96;0.00
12-07-2018;3.41;12.05;295.28;290.36;0.26;1.91;75.93;0.00
13-07-2018;3.26;12.35;293.22;289.41;0.33;2.63;80.05;0.00
14-07-2018;2.81;9.66;293.77;289.79;0.28;1.83;76.66;0.00
15-07-2018;3.80;12.47;293.54;292.07;0.26;1.81;71.34;0.00
16-07-2018;3.43;11.92;294.92;290.54;0.25;1.89;74.70;0.00
17-07-2018;1.31;4.68;292.77;288.31;0.33;0.98;85.65;0.00
18-07-2018;3.05;10.53;293.84;289.92;0.28;1.77;75.18;0.00
19-07-2018;3.43;12.18;292.86;290.52;0.28;2.01;76.72;0.00
20-07-2018;3.38;11.72;294.76;290.38;0.24;2.20;75.36;0.00
21-07-2018;3.18;11.17;293.79;289.73;0.28;2.02;75.79;0.00
22-07-2018;3.74;12.36;293.06;291.72;0.26;1.70;70.70;0.00
23-07-2018;2.80;9.67;294.83;290.08;0.26;1.81;77.61;0.00
24-07-2018;2.86;9.83;293.25;289.22;0.27;1.78;74.73;0.00
25-07-2018;3.54;12.21;292.65;290.89;0.24;1.80;73.89;0.00
26-07-2018;3.20;11.65;294.27;289.32;0.32;1.89;76.70;0.00
27-07-2018;2.16;7.46;293.01;288.30;0.28;1.74;79.20;0.00
28-07-2018;3.03;10.43;292.10;290.24;0.23;1.65;75.41;0.00
29-07-2018;3.29;11.07;294.13;290.34;0.33;2.17;74.15;0.00
30-07-2018;2.06;6.57;292.83;289.13;0.28;1.91;78.62;0.00
31-07-2018;3.36;12.21;292.32;290.53;0.23;2.18;79.12;0.00
01-08-2018;3.22;10.87;294.31;290.32;0.34;1.92;73.90;0.00
02-08-2018;3.13;10.26;293.19;290.76;0.28;1.92;73.60;0.00
03-08-2018;3.00;9.74;293.42;292.25;0.23;1.67;76.49;0.00
04-08-2018;2.95;10.18;294.09;289.77;0.34;1.80;75.50;0.00
05-08-2018;2.99;11.08;292.60;288.35;0.28;1.88;76.77;0.00
06-08-2018;2.78;10.22;291.41;288.62;0.22;2.08;79.08;0.00
07-08-2018;2.51;8.79;292.11;288.74;0.28;1.43;75.94;0.00
08-08-2018;1.77;6.70;291.67;287.32;0.36;1.62;85.21;0.00
09-08-2018;2.25;8.96;290.88;286.20;0.28;1.98;82.08;0.00
10-08-2018;2.74;9.81;291.84;289.55;0.22;1.82;79.38;0.00
11-08-2018;2.67;9.10;292.03;289.19;0.27;1.85;75.83;0.00
12-08-2018;2.23;7.93;291.71;288.12;0.36;1.67;79.16;0.00
13-08-2018;2.16;8.19;290.62;287.28;0.28;1.96;82.29;0.00
14-08-2018;3.39;11.48;292.83;291.77;0.23;1.79;75.98;0.00
15-08-2018;2.39;8.03;292.63;289.40;0.28;1.97;78.56;0.00
16-08-2018;2.61;9.07;291.81;288.58;0.35;1.73;75.64;0.00
17-08-2018;2.27;8.90;291.08;287.79;0.28;1.70;84.64;0.00
18-08-2018;3.59;11.99;293.84;292.50;0.24;2.05;76.38;0.00
19-08-2018;2.04;5.20;292.87;290.72;0.28;1.65;70.33;0.00
20-08-2018;2.52;9.52;290.71;287.43;0.35;1.85;79.48;0.00
21-08-2018;1.82;6.69;290.78;287.26;0.28;1.30;81.95;0.00
22-08-2018;1.79;5.44;293.09;289.81;0.23;2.01;81.18;0.00
23-08-2018;2.66;8.08;292.92;290.44;0.28;1.56;69.85;0.00
24-08-2018;1.98;6.59;291.57;288.70;0.35;1.66;79.41;0.00
25-08-2018;2.18;7.21;290.93;288.33;0.29;1.68;76.17;0.00
26-08-2018;2.62;9.41;292.05;288.99;0.23;2.16;79.90;0.00
27-08-2018;2.49;8.26;292.13;289.09;0.27;1.63;74.65;0.00
28-08-2018;2.05;7.75;291.28;287.64;0.34;1.70;83.49;0.00
29-08-2018;2.06;6.80;290.89;288.19;0.29;1.40;75.22;0.00
30-08-2018;1.02;2.42;291.42;288.26;0.22;1.33;78.60;0.00
31-08-2018;2.85;8.32;292.26;290.92;0.27;1.65;67.20;0.00
01-09-2018;2.20;8.07;291.16;287.90;0.34;2.04;81.74;0.00
02-09-2018;2.26;7.58;290.98;288.32;0.29;1.43;74.53;0.00
03-09-2018;2.50;8.92;290.31;287.95;0.22;1.89;77.53;0.00
04-09-2018;2.73;8.26;292.13;290.00;0.26;2.01;71.37;0.00
05-09-2018;1.81;7.15;290.97;286.77;0.34;1.70;86.04;0.00
06-09-2018;2.25;7.90;290.80;287.75;0.29;1.41;76.21;0.00
07-09-2018;1.92;5.93;291.44;289.33;0.22;1.32;75.02;0.00
08-09-2018;2.34;8.09;293.00;290.00;0.27;1.76;81.21;0.00
09-09-2018;2.31;8.50;290.94;287.91;0.34;1.82;80.75;0.00
10-09-2018;2.06;6.86;290.89;288.36;0.29;1.13;73.37;0.08
11-09-2018;0.41;0.67;289.81;286.60;0.23;0.99;84.29;0.00
12-09-2018;2.15;7.98;292.25;288.14;0.26;1.89;82.97;0.00
13-09-2018;1.96;7.40;290.97;287.58;0.34;1.59;83.68;0.00
14-09-2018;2.03;7.66;290.06;285.82;0.28;1.64;79.09;0.08
15-09-2018;1.51;3.02;290.44;289.74;0.24;1.92;73.44;0.00
16-09-2018;2.09;7.69;291.68;287.39;0.26;2.01;81.96;0.00
17-09-2018;2.06;7.46;291.18;287.77;0.33;1.49;80.57;0.00
18-09-2018;2.11;5.98;290.16;287.97;0.29;1.73;69.34;0.06
19-09-2018;2.05;6.48;290.06;287.09;0.23;1.89;74.05;0.00
20-09-2018;2.15;7.67;290.95;286.88;0.25;1.62;77.34;0.00
21-09-2018;1.46;5.66;290.21;285.98;0.33;1.62;86.56;0.00
22-09-2018;2.29;7.89;289.71;287.54;0.29;1.63;75.23;0.70
23-09-2018;2.23;7.71;288.33;285.14;0.22;1.54;68.75;0.00
24-09-2018;2.45;7.20;290.70;288.28;0.25;1.94;68.74;0.00
25-09-2018;2.47;7.65;290.64;289.00;0.33;2.23;74.25;0.69
26-09-2018;2.08;7.49;289.79;287.74;0.29;1.86;81.32;0.00
27-09-2018;2.06;6.55;288.70;286.50;0.22;1.79;72.37;0.00
28-09-2018;2.03;7.15;291.08;287.10;0.25;1.55;78.05;0.00
29-09-2018;2.03;6.81;290.13;287.63;0.32;1.96;78.45;2.03
30-09-2018;2.27;7.72;289.68;288.27;0.29;1.69;76.61;0.00
01-10-2018;2.27;7.15;289.96;288.36;0.22;1.79;73.26;0.00
02-10-2018;1.78;6.62;290.37;285.85;0.25;1.72;81.58;0.00
03-10-2018;1.63;5.75;290.33;287.39;0.32;1.75;83.61;0.00
04-10-2018;1.79;7.30;289.67;286.03;0.29;1.73;86.43;0.00
05-10-2018;2.01;7.89;289.44;286.03;0.22;1.83;82.76;0.00
06-10-2018;1.56;6.30;290.17;285.20;0.25;1.65;86.24;0.00
07-10-2018;2.30;7.78;290.74;288.69;0.32;1.67;76.99;0.00
08-10-2018;1.19;3.77;290.04;287.68;0.29;1.25;82.54;0.00
09-10-2018;2.30;8.30;289.96;287.55;0.22;1.90;79.06;0.00
10-10-2018;2.11;7.61;290.80;287.44;0.26;1.65;79.73;0.00
11-10-2018;1.78;6.77;290.58;286.44;0.32;1.49;83.12;0.00
12-10-2018;1.99;6.31;290.31;288.57;0.30;1.88;77.78;0.00
13-10-2018;2.65;8.55;291.04;289.95;0.22;1.61;73.03;0.00
14-10-2018;1.96;6.84;290.37;286.73;0.26;1.84;78.67;0.00
15-10-2018;1.78;7.09;289.83;285.95;0.32;1.81;85.14;0.00
16-10-2018;1.93;7.15;289.83;286.89;0.29;1.71;81.93;0.00
17-10-2018;2.18;7.05;290.49;288.31;0.31;1.67;74.77;0.00
18-10-2018;2.11;7.25;290.45;289.73;0.51;1.36;80.62;0.00
19-10-2018;1.68;5.53;289.12;286.26;0.30;1.58;77.16;0.00
20-10-2018;1.59;5.54;287.62;285.11;0.29;1.57;78.30;0.00
21-10-2018;0.83;1.91;288.47;286.54;0.29;1.08;76.67;0.00
22-10-2018;2.02;7.48;290.08;288.80;0.50;1.67;84.82;0.00
23-10-2018;1.58;5.75;288.50;285.68;0.30;1.65;81.82;0.00
24-10-2018;1.57;6.21;288.02;285.11;0.30;1.78;84.86;0.00
25-10-2018;1.96;6.12;289.24;288.22;0.28;1.75;76.31;1.03
26-10-2018;1.37;3.97;289.99;288.39;0.50;1.24;77.29;0.00
27-10-2018;1.99;7.09;289.20;286.72;0.30;1.85;79.29;0.00
28-10-2018;0.00;0.00;288.23;282.20;0.30;0.84;93.47;0.00
29-10-2018;2.03;6.93;289.99;287.62;0.28;1.69;77.94;0.00
30-10-2018;1.55;4.05;289.71;288.11;0.49;1.40;71.64;0.00
31-10-2018;1.90;6.18;289.36;286.80;0.30;1.79;76.22;0.00
01-11-2018;1.41;4.89;289.14;286.37;0.26;1.32;81.72;0.00
02-11-2018;2.02;3.09;289.70;288.30;0.48;2.69;64.67;0.00
03-11-2018;1.63;5.42;288.25;286.06;0.30;1.71;78.37;0.00
04-11-2018;1.61;4.73;289.58;287.35;0.26;1.57;75.30;0.00
05-11-2018;0.44;1.13;286.78;283.54;0.46;0.75;82.66;0.00
06-11-2018;1.64;5.21;287.97;285.54;0.30;2.15;77.96;0.00
07-11-2018;1.47;4.97;288.33;285.93;0.25;1.45;79.74;0.00
08-11-2018;1.65;5.83;286.82;285.37;0.45;1.03;74.05;0.00
09-11-2018;1.25;4.09;288.70;286.19;0.30;1.12;79.28;0.00
10-11-2018;1.78;5.80;288.96;287.12;0.25;1.55;76.88;0.00
11-11-2018;1.97;5.90;287.20;287.43;0.45;1.32;68.07;0.00
12-11-2018;1.38;4.48;288.91;286.31;0.30;1.33;79.05;0.00
13-11-2018;1.89;4.19;288.42;288.58;0.24;1.39;59.41;0.00
14-11-2018;0.40;0.00;287.65;286.75;0.44;1.36;81.52;0.00
15-11-2018;1.49;5.91;288.55;284.79;0.30;1.51;84.98;0.00
16-11-2018;1.46;4.06;288.54;286.35;0.23;1.80;75.96;0.00
17-11-2018;1.73;5.84;287.74;286.39;0.43;1.78;78.82;1.67
18-11-2018;1.53;5.68;288.42;285.21;0.30;1.83;83.01;0.00
19-11-2018;1.09;3.23;288.85;286.83;0.23;1.52;82.70;0.00
20-11-2018;2.03;6.97;287.55;286.09;0.43;1.41;72.92;0.00
21-11-2018;1.21;4.99;287.22;282.76;0.30;1.73;85.98;0.00
22-11-2018;0.85;2.46;288.71;286.29;0.23;1.26;83.48;0.00
23-11-2018;1.95;6.15;287.52;286.56;0.42;1.52;71.15;0.00
24-11-2018;1.41;5.68;287.22;283.65;0.30;1.81;84.55;0.00
25-11-2018;1.57;5.55;288.78;286.26;0.23;1.94;82.88;0.75
26-11-2018;1.76;5.53;287.41;286.35;0.41;1.75;75.42;0.00
27-11-2018;1.78;6.03;287.86;285.65;0.30;1.78;76.81;0.00
28-11-2018;1.63;3.89;287.37;287.56;0.29;1.41;65.58;3.80
29-11-2018;0.64;0.84;288.49;286.50;0.22;1.55;80.87;0.37
30-11-2018;1.56;5.48;287.19;285.73;0.40;1.51;80.20;0.00
01-12-2018;1.51;5.07;287.49;284.73;0.30;1.90;78.99;0.00
02-12-2018;1.13;2.01;287.71;287.06;0.29;1.39;68.97;0.00
03-12-2018;1.49;5.16;288.62;286.48;0.22;1.29;80.59;0.37
04-12-2018;1.36;4.40;286.80;285.34;0.39;1.56;79.22;0.00
05-12-2018;1.42;4.90;286.72;284.16;0.30;1.75;79.50;0.00
06-12-2018;1.45;4.13;287.05;286.04;0.29;1.36;72.29;2.53
07-12-2018;0.64;0.75;288.65;286.99;0.22;1.56;80.47;0.00
08-12-2018;1.41;4.66;287.21;285.16;0.38;2.01;81.10;0.00
09-12-2018;1.47;5.39;287.11;284.89;0.30;1.99;83.05;0.00
10-12-2018;1.72;5.22;286.89;285.48;0.29;1.36;68.69;0.84
11-12-2018;1.35;3.53;288.22;287.13;0.22;1.66;76.35;0.00
12-12-2018;1.50;4.97;286.48;284.74;0.37;1.49;76.20;0.00
13-12-2018;1.49;4.98;287.03;285.57;0.30;1.66;79.36;0.00
14-12-2018;1.54;4.67;286.92;285.94;0.29;1.66;75.61;0.00
15-12-2018;0.90;2.80;288.72;286.20;0.22;1.60;86.47;0.00
16-12-2018;2.11;4.54;286.59;287.37;0.36;1.88;59.60;0.00
17-12-2018;1.58;5.95;288.42;286.65;0.31;1.59;85.37;0.00
18-12-2018;1.21;3.67;286.94;285.55;0.29;1.42;78.64;0.00
19-12-2018;1.30;3.86;288.65;287.01;0.22;1.16;76.05;0.73
20-12-2018;1.51;4.85;286.47;284.89;0.35;1.80;77.16;0.00
21-12-2018;1.61;5.89;288.85;286.10;0.31;1.53;82.43;0.00
22-12-2018;1.60;4.79;287.32;287.02;0.29;1.43;74.22;0.00
23-12-2018;1.40;5.04;290.24;286.91;0.21;1.60;85.37;0.00
24-12-2018;1.17;3.33;288.38;286.19;0.30;1.27;76.57;0.00
25-12-2018;1.60;3.38;284.65;283.59;0.30;1.73;59.57;0.00
26-12-2018;1.23;4.07;285.36;283.74;0.32;1.52;78.71;0.54
27-12-2018;1.10;4.06;288.70;284.80;0.21;1.78;86.97;0.00
28-12-2018;1.07;3.38;287.43;284.82;0.30;1.76;83.13;0.00
29-12-2018;2.15;4.03;285.02;285.82;0.31;1.95;52.23;0.00
30-12-2018;1.17;3.74;284.76;281.93;0.32;1.60;75.76;0.04
31-12-2018;1.01;3.68;287.80;284.03;0.20;1.83;86.82;0.00
01-01-2019;1.03;2.47;287.27;286.13;0.30;1.61;78.48;0.00
02-01-2019;1.09;3.85;285.79;283.69;0.31;2.07;85.09;0.00
03-01-2019;1.20;3.41;283.80;281.60;0.32;1.28;67.07;0.00
04-01-2019;0.90;2.85;287.95;285.31;0.20;1.16;83.22;0.00
05-01-2019;1.42;4.60;287.51;286.15;0.30;1.74;80.78;0.00
06-01-2019;1.37;5.10;286.26;284.46;0.32;1.52;82.64;0.00
07-01-2019;1.40;2.91;283.77;283.04;0.33;1.63;61.47;0.00
08-01-2019;1.48;4.94;288.00;285.08;0.21;1.77;79.16;0.00
09-01-2019;1.28;4.77;287.28;284.63;0.30;1.73;84.81;0.00
10-01-2019;0.81;3.09;286.71;283.32;0.32;1.41;88.79;0.00
11-01-2019;1.45;2.89;283.39;284.48;0.33;0.91;41.86;0.00
12-01-2019;1.10;3.51;288.05;284.50;0.20;1.30;79.55;0.00
13-01-2019;1.54;5.25;287.32;285.33;0.30;1.96;80.62;0.00
14-01-2019;0.92;3.62;286.17;283.00;0.32;1.22;86.89;0.00
15-01-2019;3.49;2.60;284.09;289.89;0.33;2.35;23.16;0.00
16-01-2019;1.12;3.93;287.21;283.27;0.20;1.41;80.97;0.00
17-01-2019;1.14;3.44;287.99;284.98;0.30;1.32;77.95;0.00
18-01-2019;1.05;4.31;285.68;282.44;0.32;1.71;87.44;0.00
19-01-2019;1.13;3.45;285.77;285.43;0.34;1.44;80.37;0.00
20-01-2019;1.19;4.49;285.83;282.17;0.20;1.81;82.61;0.00
21-01-2019;1.19;4.14;286.56;283.79;0.29;1.83;82.75;0.00
22-01-2019;1.27;5.34;286.11;283.37;0.33;1.64;87.16;0.00
23-01-2019;1.41;4.33;286.34;286.15;0.35;1.21;74.35;0.00
24-01-2019;0.92;3.66;286.61;282.11;0.20;1.45;86.58;0.00
25-01-2019;1.81;5.71;287.42;285.65;0.30;2.25;76.28;0.00
26-01-2019;0.85;2.75;286.56;284.59;0.33;1.10;82.87;0.00
27-01-2019;1.60;3.57;285.20;284.54;0.34;1.94;65.66;0.00
28-01-2019;1.24;4.70;286.94;283.54;0.20;1.59;83.70;0.00
29-01-2019;1.41;4.21;287.85;285.87;0.30;1.67;77.30;0.00
30-01-2019;0.62;1.31;286.99;285.39;0.34;0.82;75.49;0.00
31-01-2019;1.10;4.15;285.86;284.33;0.34;1.41;85.87;0.00
01-02-2019;0.30;0.00;286.79;284.88;0.20;0.85;77.77;0.00
02-02-2019;1.35;4.81;287.55;285.15;0.30;1.77;83.27;0.00
03-02-2019;1.24;4.09;286.80;284.25;0.34;1.24;76.77;0.00
04-02-2019;0.75;1.95;286.59;285.62;0.35;1.00;79.12;0.00
05-02-2019;1.63;5.33;287.12;285.39;0.20;1.50;74.94;0.80
06-02-2019;1.81;4.91;288.48;287.56;0.30;1.59;69.57;0.00
07-02-2019;1.36;4.40;285.74;283.89;0.33;2.00;78.83;0.00
08-02-2019;1.51;4.18;286.80;286.03;0.35;2.16;76.85;0.00
09-02-2019;1.52;3.71;286.70;284.84;0.20;1.91;69.68;0.00
10-02-2019;1.72;3.45;288.72;288.13;0.30;2.07;68.81;0.00
11-02-2019;1.15;3.90;285.90;283.43;0.34;1.82;81.96;0.00
12-02-2019;1.27;4.37;286.34;284.72;0.35;1.39;80.30;0.00
13-02-2019;1.98;3.89;286.11;286.16;0.20;1.45;48.24;0.00
14-02-2019;1.58;5.23;288.68;286.69;0.30;1.46;78.52;0.00
15-02-2019;1.16;4.60;286.17;283.03;0.34;1.52;85.35;0.00
16-02-2019;1.17;4.39;286.54;284.10;0.35;1.64;85.32;0.00
17-02-2019;1.10;3.97;285.87;282.20;0.20;1.74;82.15;0.00
18-02-2019;1.33;5.35;288.27;284.92;0.30;1.49;87.17;0.00
19-02-2019;0.61;1.58;286.17;284.11;0.34;0.73;76.46;0.00
20-02-2019;1.44;4.30;286.75;285.10;0.35;1.43;73.00;0.00
21-02-2019;1.28;4.28;286.63;284.59;0.20;1.77;81.14;0.00
22-02-2019;1.24;4.85;287.54;285.24;0.29;0.68;83.70;0.00
23-02-2019;1.33;4.41;285.73;284.02;0.34;1.46;77.09;0.00
24-02-2019;1.78;5.30;287.20;286.79;0.35;1.30;69.03;0.00
25-02-2019;1.18;4.80;287.06;283.71;0.20;1.96;87.68;0.00
26-02-2019;1.72;5.60;288.70;286.88;0.30;2.19;80.32;0.00
27-02-2019;1.43;4.24;286.85;285.69;0.35;1.23;71.78;0.00
28-02-2019;0.56;1.56;285.82;282.04;0.34;1.19;83.70;0.00
01-03-2019;0.76;2.40;286.83;284.33;0.20;1.43;86.23;0.00
02-03-2019;1.29;4.65;288.78;285.28;0.30;1.43;83.21;0.00
03-03-2019;1.62;4.43;286.73;285.18;0.36;1.70;69.51;0.00
04-03-2019;0.90;2.81;285.90;284.25;0.34;1.25;81.63;0.00
05-03-2019;1.61;4.39;286.12;284.50;0.19;1.92;70.31;0.00
06-03-2019;1.49;6.12;287.38;283.82;0.29;1.68;84.94;0.00
07-03-2019;1.24;4.67;286.55;283.49;0.37;1.52;82.84;0.00
08-03-2019;1.04;3.17;284.79;282.39;0.33;1.37;75.93;0.00
09-03-2019;1.42;4.89;287.87;285.06;0.20;1.73;81.04;0.00
10-03-2019;1.95;5.39;288.34;285.57;0.30;2.21;69.40;0.00
11-03-2019;1.78;5.01;285.83;285.32;0.37;2.10;71.64;0.00
12-03-2019;1.14;4.56;284.96;282.29;0.33;1.62;84.56;0.00
13-03-2019;2.35;3.91;287.59;287.23;0.20;3.04;61.12;0.00
14-03-2019;1.36;4.79;286.15;281.48;0.28;1.42;73.19;0.00
15-03-2019;0.82;3.00;286.33;283.40;0.37;1.21;86.39;0.00
16-03-2019;1.48;4.91;286.14;284.85;0.33;1.44;76.29;0.00
17-03-2019;1.40;4.07;287.80;284.46;0.20;1.46;71.81;0.00
18-03-2019;1.64;4.63;285.46;283.38;0.28;1.52;63.73;0.00
19-03-2019;1.32;4.54;286.49;284.44;0.37;1.26;78.23;0.00
20-03-2019;1.28;4.87;286.10;283.19;0.33;1.61;82.46;0.00
21-03-2019;1.44;4.02;286.19;284.01;0.19;1.66;70.68;0.00
22-03-2019;1.50;5.25;284.87;281.58;0.28;1.80;73.55;0.00
23-03-2019;0.56;0.28;286.41;284.29;0.37;1.41;75.81;0.00
24-03-2019;1.49;5.19;285.85;284.09;0.33;1.59;77.81;0.00
25-03-2019;1.12;3.98;286.17;282.94;0.19;1.57;81.97;0.00
26-03-2019;1.62;6.52;286.11;283.56;0.28;2.36;83.05;0.00
27-03-2019;1.72;5.35;286.47;283.60;0.37;1.86;70.42;0.00
28-03-2019;1.64;4.07;286.02;285.76;0.33;1.94;69.85;0.00
29-03-2019;1.79;4.79;287.08;286.16;0.20;1.94;70.13;0.00
30-03-2019;1.19;4.92;286.73;283.23;0.29;1.58;87.00;0.00
31-03-2019;1.71;4.42;285.15;283.73;0.36;1.56;60.30;0.00
01-04-2019;1.11;4.19;286.28;283.73;0.33;1.51;85.33;0.00
02-04-2019;2.65;3.94;287.25;288.10;0.20;2.62;51.78;0.00
03-04-2019;0.70;2.02;286.88;284.67;0.29;0.80;78.94;0.00
04-04-2019;1.66;4.37;284.84;283.04;0.36;2.16;67.69;0.00
05-04-2019;0.56;0.84;286.89;285.09;0.33;1.16;78.70;0.00
06-04-2019;1.41;4.09;287.97;285.78;0.20;2.17;79.18;0.00
07-04-2019;1.75;6.13;286.74;284.75;0.29;1.46;74.85;15.60
08-04-2019;1.75;5.43;286.52;285.88;0.37;1.78;74.31;0.00
09-04-2019;1.02;3.05;286.47;284.09;0.33;1.51;80.25;6.15
10-04-2019;1.56;5.22;287.33;284.75;0.19;1.95;78.33;0.00
11-04-2019;1.64;5.56;286.60;284.81;0.29;1.97;77.94;0.00
12-04-2019;1.46;5.36;285.89;283.73;0.37;1.99;81.24;0.00
13-04-2019;1.56;2.81;286.79;284.42;0.33;2.61;68.38;4.61
14-04-2019;1.22;5.03;286.91;283.47;0.19;2.40;87.79;0.00
15-04-2019;1.98;5.54;287.26;287.27;0.29;1.75;69.38;0.00
16-04-2019;1.43;4.75;286.85;284.54;0.37;1.65;77.97;0.00
17-04-2019;1.56;4.41;286.34;283.91;0.33;1.49;66.34;0.00
18-04-2019;1.71;5.47;287.97;286.12;0.20;1.64;75.36;0.00
19-04-2019;1.51;6.08;287.35;283.96;0.29;2.12;84.75;0.00
20-04-2019;1.55;5.18;285.69;283.62;0.36;1.95;76.25;0.00
21-04-2019;1.65;4.79;285.48;282.70;0.32;1.61;64.06;0.00
22-04-2019;2.25;4.51;287.78;288.45;0.20;1.93;57.95;0.00
23-04-2019;1.70;7.19;287.86;284.52;0.29;2.30;86.14;0.00
24-04-2019;1.05;3.88;286.22;283.08;0.36;2.01;85.96;0.00
25-04-2019;2.11;4.18;284.92;285.29;0.32;1.84;51.38;0.00
26-04-2019;1.87;6.34;288.76;285.81;0.20;2.07;77.40;0.00
27-04-2019;1.36;5.84;287.96;283.59;0.29;1.86;87.73;0.00
28-04-2019;1.34;4.06;286.81;284.22;0.37;1.83;77.15;0.00
29-04-2019;1.42;4.65;284.83;281.73;0.32;2.16;75.28;0.00
30-04-2019;1.29;4.01;288.02;284.67;0.20;1.76;79.09;0.00
01-05-2019;1.49;5.53;287.71;283.83;0.29;1.73;80.41;0.00
02-05-2019;1.86;4.82;285.44;284.31;0.36;1.78;62.09;5.80
03-05-2019;1.76;5.98;286.01;284.30;0.32;2.07;75.99;0.00
04-05-2019;1.11;4.08;287.24;283.56;0.19;1.78;84.99;0.00
05-05-2019;1.17;4.51;287.11;282.87;0.29;1.58;84.08;0.00
06-05-2019;2.13;3.77;284.93;284.40;0.36;2.19;51.23;0.00
07-05-2019;1.60;4.31;285.51;284.77;0.32;1.62;67.80;0.00
08-05-2019;1.37;5.27;288.20;284.57;0.20;1.74;85.04;0.00
09-05-2019;1.28;5.14;286.75;283.12;0.29;1.58;84.43;0.00
10-05-2019;1.59;6.10;285.18;282.59;0.36;1.93;78.59;0.00
11-05-2019;3.44;3.87;286.00;290.59;0.31;2.36;33.22;0.00
12-05-2019;2.24;6.37;289.19;287.60;0.20;1.87;68.09;0.00
13-05-2019;1.41;5.37;287.39;284.17;0.29;1.73;83.13;0.00
14-05-2019;1.26;5.07;285.36;282.31;0.36;2.21;84.82;0.00
15-05-2019;1.16;3.33;287.48;285.38;0.32;2.18;82.20;0.00
16-05-2019;2.55;4.95;288.30;288.37;0.20;2.18;54.84;0.00
17-05-2019;1.11;2.01;287.52;284.59;0.29;1.88;72.64;0.00
18-05-2019;1.65;5.35;286.60;284.02;0.36;1.69;72.90;0.00
19-05-2019;1.50;5.56;287.08;284.46;0.31;1.96;82.41;0.00
20-05-2019;2.13;6.98;290.44;287.02;0.20;2.16;75.89;0.00
21-05-2019;2.28;7.97;286.42;285.78;0.40;2.03;73.96;0.00
22-05-2019;1.77;5.98;287.78;284.74;0.34;2.51;78.25;0.00
23-05-2019;2.13;6.09;289.33;287.04;0.30;2.48;72.78;0.00
24-05-2019;2.52;6.09;289.75;288.17;0.20;2.46;64.29;0.00
25-05-2019;2.09;8.94;287.92;285.55;0.41;1.89;85.90;0.00
26-05-2019;1.71;6.78;288.24;284.49;0.34;2.19;83.35;0.00
27-05-2019;2.29;7.37;289.69;286.82;0.30;2.27;73.57;0.00
28-05-2019;2.05;7.56;290.76;286.67;0.20;2.25;81.46;0.00
29-05-2019;2.33;8.68;288.81;286.46;0.41;2.06;78.25;0.00
30-05-2019;1.87;6.64;288.62;285.40;0.34;1.77;77.28;0.00
31-05-2019;0.75;2.23;288.12;283.26;0.29;1.52;84.48;0.00
01-06-2019;2.24;7.74;290.85;286.66;0.20;2.45;77.18;0.00
02-06-2019;2.16;8.32;288.67;285.90;0.40;2.25;80.72;0.00
03-06-2019;1.93;7.41;288.40;284.66;0.34;2.07;79.75;0.00
04-06-2019;1.99;6.90;288.05;284.86;0.29;2.24;75.54;0.00
05-06-2019;1.96;6.82;289.14;285.14;0.19;2.15;76.42;0.00
06-06-2019;2.22;8.30;289.19;286.07;0.40;2.36;79.25;0.00
07-06-2019;1.96;6.96;288.90;285.39;0.34;2.16;77.89;0.00
08-06-2019;1.50;5.82;287.69;283.21;0.29;2.20;82.40;0.00
09-06-2019;2.49;6.07;288.80;286.29;0.19;2.19;58.07;0.00
10-06-2019;2.41;8.27;289.65;286.67;0.39;2.34;74.89;0.00
11-06-2019;1.51;5.64;288.02;284.17;0.33;2.23;82.68;0.02
12-06-2019;1.80;6.67;287.82;284.39;0.29;2.45;79.95;0.00
13-06-2019;2.31;6.16;288.57;285.69;0.19;2.10;61.82;0.00
14-06-2019;2.63;7.82;288.94;287.82;0.38;1.92;65.75;0.00
15-06-2019;1.73;5.85;288.70;285.05;0.33;1.82;76.37;0.03
16-06-2019;1.79;6.71;287.68;284.26;0.29;2.59;80.64;0.00
17-06-2019;1.28;4.94;288.31;284.19;0.32;1.89;85.84;0.00
18-06-2019;2.86;6.41;289.02;287.49;0.19;2.72;57.58;0.00
19-06-2019;2.24;8.15;288.87;285.87;0.37;2.81;78.54;0.00
20-06-2019;2.27;8.21;288.86;285.00;0.33;2.25;74.69;0.00
21-06-2019;1.74;6.04;288.33;285.32;0.29;1.92;78.54;0.00
22-06-2019;2.42;8.38;288.51;286.40;0.32;2.16;73.78;0.00
23-06-2019;1.68;5.60;290.15;286.02;0.19;1.60;77.26;0.00
24-06-2019;1.36;4.02;289.26;286.25;0.36;1.48;76.99;0.00
25-06-2019;1.74;7.09;287.99;282.99;0.33;2.30;81.30;0.00
26-06-2019;2.58;6.62;288.10;287.51;0.30;2.33;62.83;0.00
27-06-2019;2.41;8.15;289.49;286.81;0.32;1.94;72.71;0.00
28-06-2019;2.70;7.96;291.14;288.29;0.20;2.40;69.12;0.00
29-06-2019;2.68;9.12;289.61;287.28;0.36;2.53;73.85;0.00
30-06-2019;1.90;6.63;288.52;284.57;0.33;1.85;74.58;0.00
01-07-2019;1.93;7.36;289.32;285.66;0.38;2.38;82.23;0.00
02-07-2019;2.41;9.60;290.55;286.37;0.33;2.72;81.58;0.00
03-07-2019;1.99;6.19;291.30;286.72;0.20;2.02;74.36;0.00
04-07-2019;2.52;8.78;290.11;286.44;0.35;2.76;75.24;0.00
05-07-2019;2.39;7.02;287.88;285.78;0.32;1.92;63.04;0.00
06-07-2019;1.94;7.02;288.86;285.07;0.37;2.05;77.66;0.00
07-07-2019;2.13;7.52;290.77;286.28;0.32;1.95;76.98;0.00
08-07-2019;2.12;7.58;289.51;285.00;0.19;2.55;76.61;0.00
09-07-2019;2.10;6.77;289.97;285.34;0.35;2.32;73.00;0.00
10-07-2019;2.15;7.23;287.95;284.76;0.32;2.79;74.36;0.00
11-07-2019;2.24;7.33;289.06;286.65;0.37;2.44;75.10;0.00
12-07-2019;2.70;8.06;290.16;288.07;0.32;2.00;66.30;0.00
13-07-2019;1.79;6.02;290.04;285.52;0.19;2.24;78.20;0.00
14-07-2019;2.42;8.67;288.74;285.22;0.33;2.32;73.17;0.00
15-07-2019;1.68;5.67;289.06;285.82;0.32;1.50;76.53;0.00
16-07-2019;3.36;6.81;289.41;291.44;0.37;1.96;47.09;0.00
17-07-2019;4.08;7.33;291.72;293.14;0.32;2.11;38.18;0.00
18-07-2019;2.63;8.70;290.80;286.94;0.20;3.05;73.89;0.00
19-07-2019;2.80;9.81;290.03;286.01;0.33;2.46;70.74;0.00
20-07-2019;1.37;4.16;289.47;285.37;0.38;1.69;77.56;0.00
21-07-2019;4.26;6.93;290.12;291.81;0.36;2.74;38.90;0.00
22-07-2019;2.45;8.36;291.39;287.13;0.32;2.59;76.13;0.00
23-07-2019;1.58;3.93;289.95;285.44;0.19;3.03;76.86;0.76
24-07-2019;2.65;10.02;290.31;286.00;0.33;2.25;75.48;0.00
25-07-2019;2.23;8.26;289.79;285.43;0.40;2.33;77.22;0.00
26-07-2019;1.79;5.95;290.68;286.87;0.36;2.46;81.07;0.00
27-07-2019;2.26;9.15;291.02;286.16;0.31;2.12;82.86;0.00
28-07-2019;2.26;7.34;290.01;285.85;0.19;2.47;72.87;0.00
29-07-2019;2.53;8.83;289.88;286.27;0.32;1.94;71.63;0.00
30-07-2019;1.82;7.46;288.81;283.87;0.35;2.28;82.36;0.00
31-07-2019;1.82;7.19;289.69;284.79;0.35;2.12;82.43;0.00
01-08-2019;1.81;6.03;291.33;287.08;0.31;1.71;78.49;0.00
02-08-2019;2.52;7.63;289.85;286.91;0.19;2.15;67.68;0.00
03-08-2019;1.35;4.81;289.00;283.99;0.31;2.23;82.92;0.00
04-08-2019;2.06;6.60;289.21;285.17;0.34;2.46;73.61;0.00
05-08-2019;2.03;8.11;290.32;285.99;0.35;2.40;83.92;0.00
06-08-2019;2.07;7.97;291.31;286.55;0.31;1.69;82.14;0.00
07-08-2019;2.01;7.17;290.66;286.15;0.19;2.43;79.90;0.00
08-08-2019;1.49;4.71;289.43;285.60;0.31;2.04;79.71;0.00
09-08-2019;2.10;7.34;288.48;284.00;0.32;2.60;73.93;0.00
10-08-2019;2.01;7.47;290.58;285.70;0.34;2.24;80.25;0.00
11-08-2019;2.11;7.24;291.96;287.37;0.32;1.67;76.60;0.00
12-08-2019;2.07;6.94;291.29;286.45;0.20;2.16;76.36;0.00
13-08-2019;1.31;3.96;289.26;285.28;0.30;2.27;81.35;0.00
14-08-2019;2.24;7.50;288.45;284.93;0.32;2.16;70.89;0.00
15-08-2019;2.44;8.12;290.78;286.66;0.34;2.24;72.67;0.00
16-08-2019;2.96;11.21;293.12;287.37;0.29;2.87;77.50;0.00
17-08-2019;2.47;7.86;292.09;287.40;0.20;2.57;73.65;0.00
18-08-2019;3.00;10.36;288.94;285.85;0.36;2.33;66.80;0.00
19-08-2019;2.83;9.88;291.46;286.61;0.28;2.97;73.16;0.00
20-08-2019;2.93;9.98;290.82;286.28;0.39;2.59;68.98;0.00
21-08-2019;2.65;10.48;292.46;286.65;0.29;2.63;80.17;0.00
22-08-2019;2.44;9.78;291.93;286.05;0.20;2.83;81.03;0.00
23-08-2019;2.55;10.04;289.94;285.91;0.38;2.01;78.11;0.00
24-08-2019;1.47;2.80;290.02;284.94;0.33;2.65;72.11;0.00
25-08-2019;2.06;7.58;290.29;284.65;0.38;1.92;75.85;0.00
26-08-2019;2.81;10.01;292.49;286.85;0.29;2.44;73.55;0.00
27-08-2019;2.51;9.72;292.28;286.34;0.20;2.64;79.58;0.00
28-08-2019;2.41;9.39;290.79;286.20;0.39;1.82;79.10;0.00
29-08-2019;2.51;9.18;288.91;284.48;0.32;2.41;71.66;0.00
30-08-2019;2.25;9.43;290.59;285.01;0.39;2.53;82.23;0.00
31-08-2019;3.07;10.98;292.26;286.72;0.29;2.37;70.71;0.00
01-09-2019;2.17;8.79;291.43;285.58;0.19;2.47;82.42;0.00
02-09-2019;2.98;10.55;291.12;287.43;0.38;2.14;71.94;0.00
03-09-2019;2.62;10.00;289.51;285.55;0.33;3.13;76.75;0.00
04-09-2019;2.99;10.06;290.92;284.92;0.40;3.22;66.50;0.00
05-09-2019;3.12;12.14;292.22;286.90;0.29;2.52;76.30;0.00
06-09-2019;2.53;9.99;292.10;286.37;0.20;2.72;80.46;0.00
07-09-2019;3.13;11.62;291.17;286.84;0.36;2.47;73.03;0.00
08-09-2019;2.35;7.00;290.27;287.73;0.32;2.36;72.21;0.00
09-09-2019;2.63;9.56;289.60;283.14;0.39;2.47;66.22;0.00
10-09-2019;2.61;9.33;292.68;287.50;0.29;2.42;77.04;0.00
11-09-2019;2.34;8.49;292.37;287.06;0.20;2.13;78.39;0.00
12-09-2019;2.40;7.97;290.66;286.16;0.35;1.86;69.72;0.00
13-09-2019;3.05;9.87;290.50;288.24;0.30;2.46;69.80;0.00
14-09-2019;3.59;11.49;290.63;286.61;0.38;2.83;60.78;0.00
15-09-2019;2.99;11.42;293.30;287.65;0.29;2.92;78.40;0.00
16-09-2019;2.44;8.35;292.94;287.75;0.20;2.45;77.10;0.00
17-09-2019;2.99;11.16;290.56;286.26;0.34;2.04;71.83;0.00
18-09-2019;3.45;9.44;291.21;290.11;0.30;2.67;63.63;0.00
19-09-2019;2.70;9.78;289.84;285.07;0.35;2.15;69.53;0.00
20-09-2019;2.94;9.81;293.82;287.62;0.29;2.75;72.06;0.00
21-09-2019;2.62;9.01;293.32;287.96;0.20;2.32;75.70;0.00
22-09-2019;2.87;11.27;290.56;286.33;0.33;2.22;76.88;0.00
23-09-2019;2.77;9.76;291.10;286.97;0.29;3.15;75.17;0.00
24-09-2019;2.50;9.75;289.97;285.35;0.34;2.80;77.72;0.00
25-09-2019;3.11;11.27;292.87;286.76;0.29;2.44;71.38;0.00
26-09-2019;2.97;10.42;293.74;288.19;0.20;2.47;74.81;0.00
27-09-2019;2.98;11.67;290.93;286.35;0.32;2.19;75.81;0.00
28-09-2019;1.71;5.84;291.07;286.65;0.28;1.87;80.36;0.00
29-09-2019;2.61;9.42;290.87;286.91;0.34;2.11;75.12;0.00
30-09-2019;3.04;11.33;292.55;286.68;0.29;2.49;73.47;0.00
01-10-2019;2.54;8.66;293.80;287.89;0.20;2.55;76.74;0.00
02-10-2019;3.13;11.84;291.66;287.13;0.32;2.28;74.63;0.00
03-10-2019;2.49;9.58;291.79;287.14;0.28;2.35;80.87;0.00
04-10-2019;2.52;8.85;291.45;287.29;0.33;2.47;76.55;0.00
05-10-2019;3.15;11.05;292.48;286.98;0.28;2.07;68.35;0.00
06-10-2019;2.30;8.81;293.05;286.54;0.20;2.28;80.80;0.00
07-10-2019;2.55;9.46;292.04;286.89;0.31;2.20;77.46;0.00
08-10-2019;2.88;10.69;292.36;287.43;0.27;2.55;76.80;0.00
09-10-2019;2.50;10.05;291.13;285.36;0.33;2.82;79.31;0.00
10-10-2019;3.32;11.28;292.42;287.11;0.28;2.47;66.85;0.00
11-10-2019;2.54;9.37;293.26;286.61;0.20;2.51;77.31;0.00
12-10-2019;3.05;12.70;291.99;286.85;0.34;2.70;80.72;0.00
13-10-2019;2.91;9.89;292.53;288.01;0.27;2.36;72.74;0.00
14-10-2019;2.43;9.21;290.62;284.72;0.32;2.01;73.74;0.00
15-10-2019;3.13;11.00;292.73;287.17;0.28;2.43;70.52;0.00
16-10-2019;2.25;8.68;292.03;285.23;0.19;2.11;78.24;0.00
17-10-2019;2.43;9.49;292.04;286.85;0.38;2.14;81.27;0.00
18-10-2019;2.61;9.47;292.01;286.93;0.30;2.55;76.66;0.00
19-10-2019;3.08;11.08;291.04;286.38;0.31;2.35;69.98;0.00
20-10-2019;3.57;11.28;292.96;288.51;0.28;2.57;64.70;0.00
21-10-2019;2.71;9.34;293.21;287.50;0.20;2.31;74.09;0.00
22-10-2019;2.45;8.95;291.83;287.18;0.37;1.98;77.84;0.00
23-10-2019;2.88;10.80;291.87;287.03;0.32;2.81;76.63;0.00
24-10-2019;3.21;10.36;291.86;287.34;0.36;2.69;66.80;0.00
25-10-2019;3.09;9.29;292.91;288.51;0.40;2.60;67.35;0.00
26-10-2019;3.17;11.06;293.82;287.73;0.26;2.68;72.03;0.00
27-10-2019;2.46;8.99;291.19;286.94;0.35;2.07;77.20;0.00
28-10-2019;2.15;7.47;291.69;286.79;0.30;2.44;78.56;0.00
29-10-2019;2.81;11.04;291.49;285.58;0.37;2.47;75.51;0.00
30-10-2019;2.77;9.92;293.34;288.06;0.42;2.26;76.73;0.00
31-10-2019;3.03;10.11;293.43;287.34;0.34;2.54;69.60;0.00
01-11-2019;3.45;12.36;291.63;288.39;0.35;2.61;72.79;0.00
02-11-2019;2.85;10.45;291.88;287.78;0.29;2.82;77.69;0.00
03-11-2019;2.70;9.36;291.64;287.03;0.35;2.07;72.20;0.00
04-11-2019;3.01;10.32;294.02;289.02;0.39;2.25;74.54;0.00
05-11-2019;3.13;10.86;292.24;287.12;0.33;2.84;71.05;0.00
06-11-2019;4.08;11.31;291.76;289.86;0.34;3.00;59.02;0.00
07-11-2019;3.34;10.90;292.19;288.76;0.28;2.81;70.16;0.00
08-11-2019;2.75;9.71;291.77;286.82;0.33;2.39;73.48;0.00
09-11-2019;2.97;9.81;294.63;289.39;0.37;2.14;73.04;0.00
10-11-2019;2.64;9.56;292.85;287.09;0.32;2.37;76.31;0.00
11-11-2019;2.98;12.43;291.31;285.73;0.32;2.52;78.37;0.00
12-11-2019;3.24;10.82;291.84;287.64;0.27;2.83;69.41;0.00
13-11-2019;2.90;9.64;291.84;287.01;0.32;3.14;71.76;0.00
